{"cameraMode":{"drawMode":0,"name":"Shaded","section":"Shading Mode"},"sceneLighting":false,"audioPlay":false,"sceneViewState":{"showFog":true,"showMaterialUpdate":false,"showSkybox":false,"showFlares":true,"showImageEffects":true,"showParticleSystems":true},"in2DMode":false,"pivot":{"x":16.1646671295166,"y":14.897543907165528,"z":-23.61400032043457},"rotation":{"x":0.3246708810329437,"y":0.04579073563218117,"z":0.008787084370851517,"w":0.9448785185813904},"size":1.0617364645004273,"orthographic":false}