{"cameraMode":{"drawMode":0,"name":"Shaded","section":"Shading Mode"},"sceneLighting":false,"audioPlay":false,"sceneViewState":{"showFog":true,"showMaterialUpdate":false,"showSkybox":false,"showFlares":true,"showImageEffects":true,"showParticleSystems":true},"in2DMode":false,"pivot":{"x":41.98987579345703,"y":16.208986282348634,"z":-28.779254913330079},"rotation":{"x":0.4953307807445526,"y":0.04301629588007927,"z":-0.014410401694476605,"w":0.8675640225410461},"size":1.940855860710144,"orthographic":false}