{"cameraMode":{"drawMode":0,"name":"Shaded","section":"Shading Mode"},"sceneLighting":true,"audioPlay":false,"sceneViewState":{"showFog":true,"showMaterialUpdate":false,"showSkybox":false,"showFlares":true,"showImageEffects":true,"showParticleSystems":true},"in2DMode":false,"pivot":{"x":67.22623443603516,"y":-27.87474822998047,"z":53.7661247253418},"rotation":{"x":-0.19090521335601808,"y":-0.43471407890319826,"z":0.09485738724470139,"w":-0.8750336766242981},"size":47.64451217651367,"orthographic":false}