{"cameraMode":{"drawMode":0,"name":"Shaded","section":"Shading Mode"},"sceneLighting":true,"audioPlay":false,"sceneViewState":{"showFog":true,"showMaterialUpdate":false,"showSkybox":true,"showFlares":true,"showImageEffects":true,"showParticleSystems":true},"in2DMode":false,"pivot":{"x":19.71688461303711,"y":41.17766189575195,"z":-34.71481704711914},"rotation":{"x":-0.37089648842811587,"y":0.01281852088868618,"z":-0.0041196937672793869,"w":-0.9290767908096314},"size":2.478203296661377,"orthographic":false}