{"cameraMode":{"drawMode":0,"name":"Shaded","section":"Shading Mode"},"sceneLighting":true,"audioPlay":false,"sceneViewState":{"showFog":true,"showMaterialUpdate":false,"showSkybox":false,"showFlares":true,"showImageEffects":true,"showParticleSystems":true},"in2DMode":false,"pivot":{"x":0.06976878643035889,"y":0.22594940662384034,"z":0.0167199969291687},"rotation":{"x":-0.1207653060555458,"y":-0.18850764632225038,"z":0.023393157869577409,"w":-0.9744267463684082},"size":0.7315552830696106,"orthographic":false}