{"cameraMode":{"drawMode":0,"name":"Shaded","section":"Shading Mode"},"sceneLighting":false,"audioPlay":false,"sceneViewState":{"showFog":true,"showMaterialUpdate":false,"showSkybox":false,"showFlares":true,"showImageEffects":true,"showParticleSystems":true},"in2DMode":false,"pivot":{"x":0.015509754419326783,"y":0.3438514471054077,"z":0.03686276078224182},"rotation":{"x":-0.47783923149108889,"y":0.2927608788013458,"z":-0.17274081707000733,"w":-0.8103618025779724},"size":0.4226268529891968,"orthographic":false}