{"cameraMode":{"drawMode":0,"name":"Shaded","section":"Shading Mode"},"sceneLighting":false,"audioPlay":false,"sceneViewState":{"showFog":true,"showMaterialUpdate":false,"showSkybox":false,"showFlares":true,"showImageEffects":true,"showParticleSystems":true},"in2DMode":false,"pivot":{"x":-29.75918960571289,"y":6.539785861968994,"z":-18.34966468811035},"rotation":{"x":-0.11739429831504822,"y":0.47057366371154787,"z":-0.06343138217926026,"w":-0.8723891377449036},"size":22.219223022460939,"orthographic":false}