{"cameraMode":{"drawMode":0,"name":"Shaded","section":"Shading Mode"},"sceneLighting":false,"audioPlay":false,"sceneViewState":{"showFog":true,"showMaterialUpdate":false,"showSkybox":false,"showFlares":true,"showImageEffects":true,"showParticleSystems":true},"in2DMode":false,"pivot":{"x":192.02059936523438,"y":56.35459899902344,"z":-79.72654724121094},"rotation":{"x":-0.3511364459991455,"y":-0.03919997438788414,"z":0.020407872274518014,"w":-0.9362316727638245},"size":2.5822837352752687,"orthographic":false}