{"cameraMode":{"drawMode":0,"name":"Shaded","section":"Shading Mode"},"sceneLighting":false,"audioPlay":false,"sceneViewState":{"showFog":true,"showMaterialUpdate":false,"showSkybox":false,"showFlares":true,"showImageEffects":true,"showParticleSystems":true},"in2DMode":false,"pivot":{"x":54.57705307006836,"y":68.97122955322266,"z":-93.88352966308594},"rotation":{"x":-0.35095760226249697,"y":-0.14747607707977296,"z":0.05600043386220932,"w":-0.9230978488922119},"size":-6.685969829559326,"orthographic":false}