{"cameraMode":{"drawMode":0,"name":"Shaded","section":"Shading Mode"},"sceneLighting":false,"audioPlay":false,"sceneViewState":{"showFog":true,"showMaterialUpdate":false,"showSkybox":false,"showFlares":true,"showImageEffects":true,"showParticleSystems":true},"in2DMode":false,"pivot":{"x":166.983154296875,"y":2.1169910430908205,"z":-21.534656524658204},"rotation":{"x":-0.4589691460132599,"y":0.4102703332901001,"z":-0.23416860401630402,"w":-0.7539633512496948},"size":0.6603515148162842,"orthographic":false}