{"cameraMode":{"drawMode":0,"name":"Shaded","section":"Shading Mode"},"sceneLighting":false,"audioPlay":false,"sceneViewState":{"showFog":true,"showMaterialUpdate":false,"showSkybox":false,"showFlares":true,"showImageEffects":true,"showParticleSystems":true},"in2DMode":false,"pivot":{"x":98.09147644042969,"y":8.528122901916504,"z":-3.105093240737915},"rotation":{"x":-0.16950206458568574,"y":0.6775375008583069,"z":-0.16502073407173158,"w":-0.6965280175209045},"size":17.620458602905275,"orthographic":false}