{"cameraMode":{"drawMode":0,"name":"Shaded","section":"Shading Mode"},"sceneLighting":true,"audioPlay":false,"sceneViewState":{"showFog":true,"showMaterialUpdate":false,"showSkybox":false,"showFlares":true,"showImageEffects":true,"showParticleSystems":true},"in2DMode":false,"pivot":{"x":-0.1852482110261917,"y":-5.798243045806885,"z":5.394199371337891},"rotation":{"x":-0.16969652473926545,"y":0.09875775128602982,"z":-0.0054389433935284618,"w":-0.9816599488258362},"size":1.8073949813842774,"orthographic":false}