{"cameraMode":{"drawMode":0,"name":"Shaded","section":"Shading Mode"},"sceneLighting":false,"audioPlay":false,"sceneViewState":{"showFog":true,"showMaterialUpdate":false,"showSkybox":false,"showFlares":true,"showImageEffects":true,"showParticleSystems":true},"in2DMode":false,"pivot":{"x":0.06524920463562012,"y":1.1753050088882447,"z":0.016869565472006799},"rotation":{"x":0.11052465438842774,"y":0.9080711007118225,"z":-0.2108892947435379,"w":0.3450663685798645},"size":2.29900860786438,"orthographic":false}