{"cameraMode":{"drawMode":0,"name":"Shaded","section":"Shading Mode"},"sceneLighting":false,"audioPlay":false,"sceneViewState":{"showFog":true,"showMaterialUpdate":false,"showSkybox":false,"showFlares":true,"showImageEffects":true,"showParticleSystems":true},"in2DMode":false,"pivot":{"x":3.5762786865234377e-7,"y":1.1696105003356934,"z":-0.13096678256988526},"rotation":{"x":0.3015487790107727,"y":0.26561444997787478,"z":-0.057459183037281039,"w":0.9140943884849548},"size":2.1328320503234865,"orthographic":false}