{"cameraMode":{"drawMode":0,"name":"Shaded","section":"Shading Mode"},"sceneLighting":false,"audioPlay":false,"sceneViewState":{"showFog":true,"showMaterialUpdate":false,"showSkybox":false,"showFlares":true,"showImageEffects":true,"showParticleSystems":true},"in2DMode":false,"pivot":{"x":0.0,"y":0.002978771924972534,"z":0.05001336336135864},"rotation":{"x":0.02614653669297695,"y":0.9865884780883789,"z":-0.16182675957679749,"w":-0.010995801538228989},"size":0.25467202067375185,"orthographic":false}