{"cameraMode":{"drawMode":0,"name":"Shaded","section":"Shading Mode"},"sceneLighting":false,"audioPlay":false,"sceneViewState":{"showFog":true,"showMaterialUpdate":false,"showSkybox":false,"showFlares":true,"showImageEffects":true,"showParticleSystems":true},"in2DMode":false,"pivot":{"x":2.0173110961914064,"y":2.7495198249816896,"z":-28.589200973510743},"rotation":{"x":0.1436624377965927,"y":-0.8106057047843933,"z":0.22340276837348939,"w":0.5220637917518616},"size":1.4581456184387208,"orthographic":false}