{"cameraMode":{"drawMode":0,"name":"Shaded","section":"Shading Mode"},"sceneLighting":false,"audioPlay":false,"sceneViewState":{"showFog":true,"showMaterialUpdate":false,"showSkybox":false,"showFlares":true,"showImageEffects":true,"showParticleSystems":true},"in2DMode":false,"pivot":{"x":0.4911237359046936,"y":0.6443836688995361,"z":1.5719077587127686},"rotation":{"x":-0.17124149203300477,"y":-0.1594623327255249,"z":-0.00047690776409581304,"w":-0.9723654985427856},"size":2.196154832839966,"orthographic":false}