{"cameraMode":{"drawMode":0,"name":"Shaded","section":"Shading Mode"},"sceneLighting":true,"audioPlay":false,"sceneViewState":{"showFog":true,"showMaterialUpdate":false,"showSkybox":true,"showFlares":true,"showImageEffects":true,"showParticleSystems":true},"in2DMode":false,"pivot":{"x":-0.19557267427444459,"y":1.692704200744629,"z":-7.783316612243652},"rotation":{"x":0.26763874292373659,"y":-0.5565373301506043,"z":0.19549664855003358,"w":0.7619121074676514},"size":2.5917959213256838,"orthographic":false}