{"cameraMode":{"drawMode":0,"name":"Shaded","section":"Shading Mode"},"sceneLighting":false,"audioPlay":false,"sceneViewState":{"showFog":true,"showMaterialUpdate":false,"showSkybox":false,"showFlares":true,"showImageEffects":true,"showParticleSystems":true},"in2DMode":false,"pivot":{"x":-2.202406406402588,"y":1.3953402042388917,"z":0.11384439468383789},"rotation":{"x":-0.3131328523159027,"y":-0.08868738263845444,"z":0.02909828908741474,"w":-0.9454532265663147},"size":0.8005639314651489,"orthographic":false}