{"cameraMode":{"drawMode":0,"name":"Shaded","section":"Shading Mode"},"sceneLighting":false,"audioPlay":false,"sceneViewState":{"showFog":true,"showMaterialUpdate":false,"showSkybox":false,"showFlares":true,"showImageEffects":true,"showParticleSystems":true},"in2DMode":false,"pivot":{"x":105.05947875976563,"y":2.443333625793457,"z":-13.583502769470215},"rotation":{"x":-0.0012279317015781999,"y":0.5938348770141602,"z":-0.001375064835883677,"w":-0.804993212223053},"size":0.40986669063568118,"orthographic":false}