{"cameraMode":{"drawMode":0,"name":"Shaded","section":"Shading Mode"},"sceneLighting":true,"audioPlay":false,"sceneViewState":{"showFog":true,"showMaterialUpdate":false,"showSkybox":true,"showFlares":true,"showImageEffects":true,"showParticleSystems":true},"in2DMode":false,"pivot":{"x":2.6305248737335207,"y":1.6887067556381226,"z":-25.97829246520996},"rotation":{"x":0.053322818130254748,"y":-0.8439611196517944,"z":0.23841160535812379,"w":0.4776513874530792},"size":2.1114494800567629,"orthographic":false}