{"cameraMode":{"drawMode":0,"name":"Shaded","section":"Shading Mode"},"sceneLighting":false,"audioPlay":false,"sceneViewState":{"showFog":true,"showMaterialUpdate":false,"showSkybox":false,"showFlares":true,"showImageEffects":true,"showParticleSystems":true},"in2DMode":false,"pivot":{"x":-2.485104560852051,"y":0.5754749178886414,"z":0.7319427728652954},"rotation":{"x":0.10452832281589508,"y":-0.8768676519393921,"z":0.41427159309387209,"w":0.22179719805717469},"size":0.50056391954422,"orthographic":false}